
================================================================================
[2026-03-30 19:54:49.220]  Mode A — Chunk 1/6
Provider          : groq
Model             : meta-llama/llama-4-scout-17b-16e-instruct
Duration          : 2.66s
Tokens (prompt)   : 2614
Tokens (output)   : 896
Tokens (total)    : 3510
--------------------------------------------------------------------------------
SYSTEM:
You are ARIA — Adaptive Recording Intelligence Analyst.

You are processing a long meeting, lecture, or session that has been
split into sequential text chunks for pipeline processing. Your
persona, analytical depth, and output standard are identical across
every chunk, rollup, and final brief.

CORE RULES:
  — Never hallucinate. If unclear, write [UNCLEAR — possible: X].
  — Never be generic. Every line is grounded in what was actually said.
  — Never lose a name, decision, task, or open question between modes.
  — Translate non-English content inline. Preserve the original.
  — Use [INFERRED] when drawing a conclusion not explicitly stated.
  — Tone: senior analyst. Precise. No fluff. No bullet-point soup.
--------------------------------------------------------------------------------
INPUT:
You are running MODE A — CHUNK BRIEF.

CHUNK INFO:
  Chunk       : 1 of 6
  Rollup Batch: Batch 1 (chunks 1–6)

PRIOR STATE CAPSULE (context from previous chunk):
NONE

CURRENT CHUNK TRANSCRIPT:
<chunk>
Speaker 1: to first define what are the data sources that we have and based on the source, if it is a database, we ask what is the connection configuration, if it is a file upload, we don't ask anything. So what are the data sources that we will require and what are the parameters? For example, here we have read path and then what is the type, all of these things, right? So this particular fields would actually come here when I'm adding a data source. And also on last call, Lavine said that each data source, what all will it be used for has to be tagged. So this particular data source will be used for payouts, risk radar, recon, AI bot, whatever they have. So that's the idea behind this screen. So whatever API you have to list all the data sources here and add data sources.
Speaker 4: So this I would be needing at the client or entity level.
Speaker 2: I don't know. You can do it, but see for me, this is, it's not cataloging. I think the perspective that you're trying to explain to me is cataloging and I don't feel a catalog is going to be created until somebody actually works on a particular workflow and comes up with the different, like, you know, different artifacts that are needed to get the workflow to life and it is going to be very iterated. So to upfront define these data sources, I would, I mean, I would not be, I'm not comfortable with that personally because I've seen how the configurations have played out and it is more, it is more like you're in that flow. Like, you know, for example, we have discussions with Omkar, like, you know, we want to load access to file. So we start looking at, we are going to load this file. Now, what are the columns? What is the IO object definition that I need to make from these columns? What is the data type of everything? What is the format if at all? So what I'm trying to say is that it is all very, it's all very organic when I start defining a flow, putting it all together in one place upfront. I don't know how
Speaker 1: feasible it is. Okay, so my perspective is for, let's say, let's take the example for credit size send, right? So when you have to define what is the workflow, first Omkar would say that we have bank statements on one end, and we have LMS and also Oracle data on the other end. So this is how the whole process for recon starts, right? We have to first define what are the data sources available, only then we'll be able to go to the next step. Yes. Okay, so which means that earlier also, here in the workflow, right? So we start saying that this is an input, but how do we know that this input is there in a
Speaker 2: particular data? No, the inputs for a workflow are like fields. So if you have seen recon 1.0, when a script is triggered, these inputs are nothing, no. Rahul, have you seen recon 1.0? Have you seen actually a script getting triggered? Yeah. So what do you recollect from? So first what I do is when I want to, first there are
Speaker 1: already scripts that are hard coded for each workflow. And I want to, the first step that I do is I upload bank statement, and then I upload the LMS, and then I hit the auto recon.
Speaker 2: No, but when you upload the bank statement, a script is triggered, right, from the UI. Yes. So when they trigger the script from the UI, can you tell me what it is that you saw? Because every script had a set of defined input parameters. So this input is nothing but those input fees that are required for a particular workflow.
Speaker 1: Okay. So Omkar, now let's say in the version 1.1, when I upload bank data, what are the inputs?
Speaker 3: It's the bank name which you are uploading. Then it would be the script fail to list. If it fails, then whom should get, whom all should get notified, that thing. And the two, after the two parameters are started and ended.
Speaker 1: Okay. So this is, I mean, for the, let's say that you have ran this whole thing for the last two months, has there been a point where you changed any of these input fields for this particular
Speaker 3: client? Where in V1 or V2? V1, V1. V1 know nothing, nothing changed.
Speaker 1: V1 is like it's... So it's a one-time configuration, right? So because for each data source, we would actually define what is the account number. So again, it's all linked to a data source.
Speaker 2: I don't know. I think it is a terminology that you're using for me. This is not a data source. When you say data source, no, for me, it purely means you're reading from a particular environment. That environment can be a file, that environment can be a database, that environment can be a REST API. For me, those are data sources. Input field is not a data source. Input field for me is just a parameter for executing a particular function, executing the workflow.
Speaker 3: Okay. So parameters can be mandatory. Yeah. It can be non mandatory. Yes.
Speaker 1: Okay. So which means let's take this since it's... So because of what I'm trying to find out is what is the starting source, starting point of the whole recon process? Because when I want to design the UX, I need to understand the jobs to be done of a particular user and accordingly I'll
Speaker 2: design. The flow would be like that. So that is what I was taking you through the journey that Omkar and I and Pramod, we went through multiple sessions where we understood what is it that we want to do for credit size on, right? So we asked Omkar which files load, which statements load. So Omkar came up with let's take access, let's take this account number, let's take RBL, this account number, let's take Deusha, this account number. So we took three banks to start with. Then we need the, this is bank, then we need the book. So for book what we discussed, we finalized is taking the pennant voucher and then pennant voucher. So you have the pennant GL balance file also. Then Omkar said that credit size has an accounting system which is oracle vouchers. So we took oracle vouchers for partner. What partner are we taking? Grow. Grow the input to the system, okay, which is what you're calling as data source and input to the system was the grow settlement file. So these all became our inputs to the system.
Speaker 1: Correct. So the flow is, I mean, the flow is also the same thing. The first thing that I do is first I define what are the inputs I will need for this particular source. The reason why I'm doing this is once I have a particular input, I can define, I can know what are the IOs of these fields and accordingly configure the Bo's because this is like a one-time setup. It's not something that I do for each and every workflow, each and every recon that I execute. These things
Speaker 2: does not change. These are like a setup. Yes, yes, it is a setup. These objects are a setup.
Speaker 1: So that's the idea because now my thing is, if I have to give a trigger, so now I'll come, I'll just skip the whole part and come back to the workflow configuration. So here we have a playground where the whole workflow, this workflow process and rules are configured. So now what happens is when I click on
</chunk>

Produce the following output exactly:

▌CHUNK 1 BRIEF

CHUNK IDENTITY
  Chunk       : 1 of 6 | Batch 1
  Speakers    : [Names or SPEAKER_N tags active in this chunk]
  Language(s) : [EN / HI / other — detect from content]
  Tone        : [Focused / Tense / Exploratory / Winding down / etc.]
  Thread      : [FRESH START / CONTINUES: topic name / MID-THOUGHT]

CHUNK SUMMARY
  [4–6 sentences of prose. No bullets. Grounded in this chunk only.
  Open with what started the chunk. Close with how it ended.
  Use speaker names where known. Translate non-English inline.]

STRUCTURED EXTRACTIONS

  TOPICS
    • [Topic] — [★ NEW / ↩ CONTINUED / ✓ CLOSED] — [1-line description]

  DECISIONS
    D-1.1: [What] — [Who] — [FIRM / TENTATIVE / IMPLIED]
    (write NONE if no decisions this chunk)

  ACTION ITEMS
    A-1.1: [Verb-first task] | Owner: [Name/UNASSIGNED] | Deadline: [stated/unstated] | Priority: [H/M/L]
    (write NONE if no action items this chunk)

  OPEN QUESTIONS
    Q-1.1: "[Question as asked]" — [Who] — [OPEN / DEFERRED]
    (write NONE if no open questions)

  ENTITIES (first appearance this session)
    • [Name / Tool / Project / Company] — context
    (write NONE if no new entities)

  FLAGS
    🚩 RISK    : [blocker or concern raised — or NONE]
    ⚠️ TENSION : [disagreement or pushback — or NONE]
    💡 IDEA    : [idea surfaced, not pursued — or NONE]
    🔁 REPEAT  : [topic resurfacing — or NONE]

CONTINUITY NOTE
  [2–3 sentences. What must the next chunk know? Name the active topic,
  last speaker, and any open thread.]

▌STATE CAPSULE — END OF CHUNK 1

=== ARIA STATE CAPSULE — CHUNK 1 | BATCH 1 ===
LAST_CHUNK     : 1
BATCH          : 1 | Chunks 1–1 processed

SPEAKERS:
  [Name] | [Role] | [CONFIRMED / LIKELY / INFERRED]

TOPICS:
  [Topic A] → OPEN | last chunk 1
  [Topic B] → CLOSED | resolved chunk 1

DECISIONS (cumulative this batch):
  D-1.N: [Decision] | [Owner] | Chunk 1

ACTIONS (cumulative this batch):
  A-1.N: [Task] | [Owner] | [Deadline] | Chunk 1

OPEN QUESTIONS:
  Q-1.N: "[Question]" | [Who] | OPEN

ENTITIES:
  [Name/Tool] | first seen chunk 1

EMOTIONAL_CONTEXT:
  [1–2 lines: tone, active tensions to carry forward]

LAST_TOPIC    : [Active topic when chunk ended]
LAST_SPEAKER  : [Name or SPEAKER_N]
MID_SENTENCE  : [YES / NO]
=== END STATE CAPSULE ===
--------------------------------------------------------------------------------
OUTPUT:
▌CHUNK 1 BRIEF

CHUNK IDENTITY
  Chunk       : 1 of 6 | Batch 1
  Speakers    : [Speaker 1, Speaker 2, Speaker 3, Speaker 4] 
  Language(s) : [EN] 
  Tone        : [Exploratory] 
  Thread      : [FRESH START]

CHUNK SUMMARY
The discussion begins with Speaker 1 seeking to define data sources and their parameters for a workflow, specifically for a recon process. Speaker 2 expresses discomfort with upfront defining data sources, citing an organic and iterative process. The conversation delves into the distinction between data sources and input fields, with Speaker 2 clarifying that data sources refer to environments like databases or files, while input fields are parameters for executing a function. The speakers discuss the starting point of the recon process, identifying necessary inputs and data sources. Speaker 1 aims to design the UX based on the jobs to be done by a particular user. The chunk ends with Speaker 1 transitioning to discuss workflow configuration.

STRUCTURED EXTRACTIONS

  TOPICS
    • Data Sources and Parameters — ★ NEW — Defining data sources and their parameters for the recon workflow.
    • Workflow Configuration — ★ NEW — Discussing the configuration of the workflow process and rules.

  DECISIONS
    D-1.1: Identifying data sources and inputs is necessary for workflow configuration — Speaker 1 — FIRM

  ACTION ITEMS
    A-1.1: Define data sources and parameters for the recon workflow | Owner: Unassigned | Deadline: Unstated | Priority: High

  OPEN QUESTIONS
    Q-1.1: "So which means let's take this since it's... So because of what I'm trying to find out is what is the starting source, starting point of the whole recon process?" — Speaker 1 — OPEN

  ENTITIES 
    • Omkar — context: Discussions with Omkar about loading files and defining data sources.
    • Lavine — context: Mentioned that each data source should be tagged for its usage.

  FLAGS
    🚩 RISK    : NONE
    ⚠️ TENSION : Disagreement between Speaker 1 and Speaker 2 on upfront defining data sources.
    💡 IDEA    : Speaker 1's idea to design the UX based on the jobs to be done by a particular user.
    🔁 REPEAT  : NONE

CONTINUITY NOTE
The active topic is Data Sources and Parameters. The last speaker was Speaker 1. An open thread is the discussion on workflow configuration.

▌STATE CAPSULE — END OF CHUNK 1

=== ARIA STATE CAPSULE — CHUNK 1 | BATCH 1 ===
LAST_CHUNK     : 1
BATCH          : 1 | Chunks 1–1 processed

SPEAKERS:
  Speaker 1 | [Role] | CONFIRMED 
  Speaker 2 | [Role] | CONFIRMED 
  Speaker 3 | [Role] | CONFIRMED 
  Speaker 4 | [Role] | CONFIRMED 

TOPICS:
  Data Sources and Parameters → OPEN | last chunk 1
  Workflow Configuration → OPEN | last chunk 1

DECISIONS (cumulative this batch):
  D-1.1: Identifying data sources and inputs is necessary for workflow configuration | Speaker 1 | Chunk 1

ACTIONS (cumulative this batch):
  A-1.1: Define data sources and parameters for the recon workflow | Unassigned | Unstated | Chunk 1

OPEN QUESTIONS:
  Q-1.1: "So which means let's take this since it's... So because of what I'm trying to find out is what is the starting source, starting point of the whole recon process?" | Speaker 1 | OPEN

ENTITIES:
  Omkar | Discussions with Omkar about loading files and defining data sources | first seen chunk 1
  Lavine | Mentioned that each data source should be tagged for its usage | first seen chunk 1

EMOTIONAL_CONTEXT:
The tone remains exploratory with a hint of tension between Speaker 1 and Speaker 2. 

LAST_TOPIC    : Data Sources and Parameters
LAST_SPEAKER  : Speaker 1
MID_SENTENCE  : YES 
=== END STATE CAPSULE ===
================================================================================

================================================================================
[2026-03-30 19:54:51.721]  Mode A — Chunk 2/6
Provider          : groq
Model             : meta-llama/llama-4-scout-17b-16e-instruct
Duration          : 2.50s
Tokens (prompt)   : 2750
Tokens (output)   : 855
Tokens (total)    : 3605
--------------------------------------------------------------------------------
SYSTEM:
You are ARIA — Adaptive Recording Intelligence Analyst.

You are processing a long meeting, lecture, or session that has been
split into sequential text chunks for pipeline processing. Your
persona, analytical depth, and output standard are identical across
every chunk, rollup, and final brief.

CORE RULES:
  — Never hallucinate. If unclear, write [UNCLEAR — possible: X].
  — Never be generic. Every line is grounded in what was actually said.
  — Never lose a name, decision, task, or open question between modes.
  — Translate non-English content inline. Preserve the original.
  — Use [INFERRED] when drawing a conclusion not explicitly stated.
  — Tone: senior analyst. Precise. No fluff. No bullet-point soup.
--------------------------------------------------------------------------------
INPUT:
You are running MODE A — CHUNK BRIEF.

CHUNK INFO:
  Chunk       : 2 of 6
  Rollup Batch: Batch 1 (chunks 1–6)

PRIOR STATE CAPSULE (context from previous chunk):
=== ARIA STATE CAPSULE — CHUNK 1 | BATCH 1 ===
LAST_CHUNK     : 1
BATCH          : 1 | Chunks 1–1 processed

SPEAKERS:
  Speaker 1 | [Role] | CONFIRMED 
  Speaker 2 | [Role] | CONFIRMED 
  Speaker 3 | [Role] | CONFIRMED 
  Speaker 4 | [Role] | CONFIRMED 

TOPICS:
  Data Sources and Parameters → OPEN | last chunk 1
  Workflow Configuration → OPEN | last chunk 1

DECISIONS (cumulative this batch):
  D-1.1: Identifying data sources and inputs is necessary for workflow configuration | Speaker 1 | Chunk 1

ACTIONS (cumulative this batch):
  A-1.1: Define data sources and parameters for the recon workflow | Unassigned | Unstated | Chunk 1

OPEN QUESTIONS:
  Q-1.1: "So which means let's take this since it's... So because of what I'm trying to find out is what is the starting source, starting point of the whole recon process?" | Speaker 1 | OPEN

ENTITIES:
  Omkar | Discussions with Omkar about loading files and defining data sources | first seen chunk 1
  Lavine | Mentioned that each data source should be tagged for its usage | first seen chunk 1

EMOTIONAL_CONTEXT:
The tone remains exploratory with a hint of tension between Speaker 1 and Speaker 2. 

LAST_TOPIC    : Data Sources and Parameters
LAST_SPEAKER  : Speaker 1
MID_SENTENCE  : YES 
=== END STATE CAPSULE ===

CURRENT CHUNK TRANSCRIPT:
<chunk>
Speaker 2: trigger then a site pop up opens which says that what should be the trigger of this workflow should it be a manual start like every time I go there and click on play then the whole workflow starts or should it be something that happens like auto recon if it is auto recon when should it do it should it happen every day weekly monthly year end or custom if I say every day then every day at maybe 12 night or 10 12 10 is when the this recon should work so I feel that this is the start of a recon and then once I say that this is the trigger then I say that next I need to load the data now to load the data since I already configured the data source I can drop I can see what are the data sources here so let's say that for credit size and I click on this drop down and it shows me the list of LMS ledger bank statement I say save bank statement access and things like that now I say that okay let me take LMS ledger now should I show one minute should I allow duplicate should I allow pass forward should I allow data filter should I allow data addition so these are something that I do for which is only for this workflow because maybe I'm using the same LMS ledger for another workflow where I am okay to allow duplicates but for this particular workflow I don't want to allow duplicates and then it says that since I'm choosing this particular data source it has 12 fields of BO and this particular data set can be used for recon then I say add rules when I click on add rules then it says should I add a filter rule should I add a convert rule or should I add a sanity check rule all of these things and then I'll add a filter rule I'll define what is a filter rule and say so this is on the data so now for me to even come to the screen I need to know what are the data sources that are there for this particular client because of which I have this particular config page of inputs okay fine so now I add a data source it can be a file it can be upload data and accordingly like how the parameters we have yeah so whatever parameters we need here so that we have to define and put that here so because this is attached with the data base like we are saying that it's a Excel upload where this is the path all of the things so now once I do that if it's an upload then I ask them to upload a sample data upload csv or json sample it and once they upload it loads and then it says me that this is the data structure like we have all these fields so this is the IOCRA structure then on the BO's we have templates if I want to create a new template I can or if I want I can select and then when I select I selected a bank transaction for BO so now in this BO I have validate amount transaction UTR currency source and all of these things so now I'll start with the mapping so I hover on this and then this gets selected and then I say that this should be linked to UTR and this is the particular derivation transformation logic that I want to apply and I'll be able to configure it and also test if this particular configuration is running then now I'm also designing a logic where you said that a particular transformation logic can also be applied to multiple columns here so that I'm ideating and once that is once all the BO's are configured then we'll be able to start with the workflow so now on the workflow I told you so on the left side we put all the possible things like data what is in processing we have cleaning data transform re-duplicate and then we have rules matching rule auto recon so now this is something that we have to define like what are the what are the rules what are the processes that would
Speaker 5: come to define a particular workflow there are there are right now there are only four processes and we are building the fifth process the first process is called the extract process the second is the transform process third is the export process port is a recon process and fifth is a report reporting process
Speaker 2: yeah right now there are only five so what would the transform process do
Speaker 5: typically what you just showed me in the screen prior convert an IO to a BO and it can convert using one data source to data sources it depends okay all right
Speaker 2: so now for the matching auto auto knock off and all of that so how are we where
Speaker 5: are we defined so it's a script file right so we use drills so there is a we use Apache drills now we create a rule file that is a dll file in which the rule is written that you want to apply rule is nothing but a set of conditions and then an action that is to be taken now so honestly rule is just for evaluating conditions at this point of time and in turn the recon service we take the action whether we want to use this output of the rule engine to either match or to break or to have like you know like right now these two other things that are accounted for
Speaker 2: match and break okay so now for the version two will we be sticking on to the same dll method or we would be giving something like a configurable
Speaker 5: so the dll file is intended to be built using configurations okay and dll file has been introduced
Speaker 2: for version 2.0 only 1.0 entirely ran in python okay all right so dll file it's like a a logic it's like if else kind of a logic block right yeah yeah okay so probably so what I will have to do is when I when someone clicks on match rule then they should have a panel where they can define the rules for a particular configuration a particular the workflow uh but I'm I'm
Speaker 1: having one question here I just want to know if suppose uh ma'am you know that past data we removed the already uploaded data and then we upload
Speaker 5: so see that that is what you know I think Rahul has a very good starting point but until Rahul sits in know on one of the discussions he actually sees know how you explain it to us and how we convert it into configurations I don't think I'll be able to explain to him right now it's like you know if he experiences know one of these discussions then he will understand better like precisely the point you said see he has accounted for for IO to BO transformation also he's accounted for one IO to one BO right now uh I'm sure it will be somewhere in his configurations I've not yet understood that part of load data like load data is it loading from one data source or can it be multiple data sources over here if there are multiple data sources then we have to tag aliases on all of them now multiple data sources also if we load again see here enough when I look at his screen load data clean data is all part of converting converting data like you know the conversions the row filter the column filter I don't see it anywhere you're getting it and it's all part of extract service so the services have very rich configurations in themselves and they work on a particular functionality right now uh that yeah I'm also trying to see
</chunk>

Produce the following output exactly:

▌CHUNK 2 BRIEF

CHUNK IDENTITY
  Chunk       : 2 of 6 | Batch 1
  Speakers    : [Names or SPEAKER_N tags active in this chunk]
  Language(s) : [EN / HI / other — detect from content]
  Tone        : [Focused / Tense / Exploratory / Winding down / etc.]
  Thread      : [FRESH START / CONTINUES: topic name / MID-THOUGHT]

CHUNK SUMMARY
  [4–6 sentences of prose. No bullets. Grounded in this chunk only.
  Open with what started the chunk. Close with how it ended.
  Use speaker names where known. Translate non-English inline.]

STRUCTURED EXTRACTIONS

  TOPICS
    • [Topic] — [★ NEW / ↩ CONTINUED / ✓ CLOSED] — [1-line description]

  DECISIONS
    D-2.1: [What] — [Who] — [FIRM / TENTATIVE / IMPLIED]
    (write NONE if no decisions this chunk)

  ACTION ITEMS
    A-2.1: [Verb-first task] | Owner: [Name/UNASSIGNED] | Deadline: [stated/unstated] | Priority: [H/M/L]
    (write NONE if no action items this chunk)

  OPEN QUESTIONS
    Q-2.1: "[Question as asked]" — [Who] — [OPEN / DEFERRED]
    (write NONE if no open questions)

  ENTITIES (first appearance this session)
    • [Name / Tool / Project / Company] — context
    (write NONE if no new entities)

  FLAGS
    🚩 RISK    : [blocker or concern raised — or NONE]
    ⚠️ TENSION : [disagreement or pushback — or NONE]
    💡 IDEA    : [idea surfaced, not pursued — or NONE]
    🔁 REPEAT  : [topic resurfacing — or NONE]

CONTINUITY NOTE
  [2–3 sentences. What must the next chunk know? Name the active topic,
  last speaker, and any open thread.]

▌STATE CAPSULE — END OF CHUNK 2

=== ARIA STATE CAPSULE — CHUNK 2 | BATCH 1 ===
LAST_CHUNK     : 2
BATCH          : 1 | Chunks 1–2 processed

SPEAKERS:
  [Name] | [Role] | [CONFIRMED / LIKELY / INFERRED]

TOPICS:
  [Topic A] → OPEN | last chunk 2
  [Topic B] → CLOSED | resolved chunk 2

DECISIONS (cumulative this batch):
  D-2.N: [Decision] | [Owner] | Chunk 2

ACTIONS (cumulative this batch):
  A-2.N: [Task] | [Owner] | [Deadline] | Chunk 2

OPEN QUESTIONS:
  Q-2.N: "[Question]" | [Who] | OPEN

ENTITIES:
  [Name/Tool] | first seen chunk 2

EMOTIONAL_CONTEXT:
  [1–2 lines: tone, active tensions to carry forward]

LAST_TOPIC    : [Active topic when chunk ended]
LAST_SPEAKER  : [Name or SPEAKER_N]
MID_SENTENCE  : [YES / NO]
=== END STATE CAPSULE ===
--------------------------------------------------------------------------------
OUTPUT:
▌CHUNK 2 BRIEF

CHUNK IDENTITY
  Chunk       : 2 of 6 | Batch 1
  Speakers    : Speaker 2, Speaker 5, Speaker 1
  Language(s) : EN
  Tone        : Exploratory
  Thread      : CONTINUES: Data Sources and Parameters

CHUNK SUMMARY
The chunk starts with Speaker 2 discussing workflow configuration, specifically triggers and data loading. They explore the process of defining data sources, adding rules, and configuring transformations. Speaker 5 explains the extract, transform, export, recon, and reporting processes. The conversation delves into the technical aspects of workflow configuration, including the use of Apache Drills and DLL files for rule definitions. The discussion concludes with Speaker 1 raising a question about handling past data and Speaker 5 seeking clarification on Rahul's configurations.

STRUCTURED EXTRACTIONS

  TOPICS
    • Workflow Configuration — ★ NEW — Defining workflow triggers and data loading processes
    • Data Sources and Parameters — ↩ CONTINUED — Identifying and configuring data sources for workflows

  DECISIONS
    NONE

  ACTION ITEMS
    NONE

  OPEN QUESTIONS
    Q-2.1: "if suppose uh ma'am you know that past data we removed the already uploaded data and then we upload" — Speaker 1 — OPEN

  ENTITIES
    • Apache Drills — used for creating rule files
    • Rahul — mentioned in the context of understanding configurations

  FLAGS
    🚩 RISK    : NONE
    ⚠️ TENSION : NONE
    💡 IDEA    : Speaker 2's idea of having a panel to define rules for a particular workflow configuration
    🔁 REPEAT  : NONE

CONTINUITY NOTE
The active topic is Workflow Configuration, and the last speaker was Speaker 5. The open thread is Speaker 1's question about handling past data. The next chunk should continue exploring the technical aspects of workflow configuration and address the open questions.

▌STATE CAPSULE — END OF CHUNK 2

=== ARIA STATE CAPSULE — CHUNK 2 | BATCH 1 ===
LAST_CHUNK     : 2
BATCH          : 1 | Chunks 1–2 processed

SPEAKERS:
  Speaker 1 | [Role] | CONFIRMED 
  Speaker 2 | [Role] | CONFIRMED 
  Speaker 3 | [Role] | CONFIRMED 
  Speaker 4 | [Role] | CONFIRMED 
  Speaker 5 | [Role] | CONFIRMED 

TOPICS:
  Workflow Configuration → OPEN | last chunk 2
  Data Sources and Parameters → OPEN | last chunk 2

DECISIONS (cumulative this batch):
  D-1.1: Identifying data sources and inputs is necessary for workflow configuration | Speaker 1 | Chunk 1

ACTIONS (cumulative this batch):
  A-1.1: Define data sources and parameters for the recon workflow | Unassigned | Unstated | Chunk 1

OPEN QUESTIONS:
  Q-2.1: "if suppose uh ma'am you know that past data we removed the already uploaded data and then we upload" — Speaker 1 — OPEN
  Q-1.1: "So which means let's take this since it's... So because of what I'm trying to find out is what is the starting source, starting point of the whole recon process?" — Speaker 1 — OPEN

ENTITIES:
  Omkar | Discussions with Omkar about loading files and defining data sources | first seen chunk 1
  Lavine | Mentioned that each data source should be tagged for its usage | first seen chunk 1
  Apache Drills | used for creating rule files | first seen chunk 2
  Rahul | mentioned in the context of understanding configurations | first seen chunk 2

EMOTIONAL_CONTEXT:
The tone remains exploratory, with a focus on technical aspects of workflow configuration. 

LAST_TOPIC    : Workflow Configuration
LAST_SPEAKER  : Speaker 5
MID_SENTENCE  : YES 
=== END STATE CAPSULE ===
================================================================================

================================================================================
[2026-03-30 19:54:54.089]  Mode A — Chunk 3/6
Provider          : groq
Model             : meta-llama/llama-4-scout-17b-16e-instruct
Duration          : 2.37s
Tokens (prompt)   : 2159
Tokens (output)   : 809
Tokens (total)    : 2968
--------------------------------------------------------------------------------
SYSTEM:
You are ARIA — Adaptive Recording Intelligence Analyst.

You are processing a long meeting, lecture, or session that has been
split into sequential text chunks for pipeline processing. Your
persona, analytical depth, and output standard are identical across
every chunk, rollup, and final brief.

CORE RULES:
  — Never hallucinate. If unclear, write [UNCLEAR — possible: X].
  — Never be generic. Every line is grounded in what was actually said.
  — Never lose a name, decision, task, or open question between modes.
  — Translate non-English content inline. Preserve the original.
  — Use [INFERRED] when drawing a conclusion not explicitly stated.
  — Tone: senior analyst. Precise. No fluff. No bullet-point soup.
--------------------------------------------------------------------------------
INPUT:
You are running MODE A — CHUNK BRIEF.

CHUNK INFO:
  Chunk       : 3 of 6
  Rollup Batch: Batch 1 (chunks 1–6)

PRIOR STATE CAPSULE (context from previous chunk):
=== ARIA STATE CAPSULE — CHUNK 2 | BATCH 1 ===
LAST_CHUNK     : 2
BATCH          : 1 | Chunks 1–2 processed

SPEAKERS:
  Speaker 1 | [Role] | CONFIRMED 
  Speaker 2 | [Role] | CONFIRMED 
  Speaker 3 | [Role] | CONFIRMED 
  Speaker 4 | [Role] | CONFIRMED 
  Speaker 5 | [Role] | CONFIRMED 

TOPICS:
  Workflow Configuration → OPEN | last chunk 2
  Data Sources and Parameters → OPEN | last chunk 2

DECISIONS (cumulative this batch):
  D-1.1: Identifying data sources and inputs is necessary for workflow configuration | Speaker 1 | Chunk 1

ACTIONS (cumulative this batch):
  A-1.1: Define data sources and parameters for the recon workflow | Unassigned | Unstated | Chunk 1

OPEN QUESTIONS:
  Q-2.1: "if suppose uh ma'am you know that past data we removed the already uploaded data and then we upload" — Speaker 1 — OPEN
  Q-1.1: "So which means let's take this since it's... So because of what I'm trying to find out is what is the starting source, starting point of the whole recon process?" — Speaker 1 — OPEN

ENTITIES:
  Omkar | Discussions with Omkar about loading files and defining data sources | first seen chunk 1
  Lavine | Mentioned that each data source should be tagged for its usage | first seen chunk 1
  Apache Drills | used for creating rule files | first seen chunk 2
  Rahul | mentioned in the context of understanding configurations | first seen chunk 2

EMOTIONAL_CONTEXT:
The tone remains exploratory, with a focus on technical aspects of workflow configuration. 

LAST_TOPIC    : Workflow Configuration
LAST_SPEAKER  : Speaker 5
MID_SENTENCE  : YES 
=== END STATE CAPSULE ===

CURRENT CHUNK TRANSCRIPT:
<chunk>
Speaker 4: because what happens is this same work flow that we have created for axis, what amount of bank accounts is there in our system?
Speaker 1: axis is I think 6 to 7
Speaker 4: for all of the 6 to 7 bank accounts that credit size on has, the statement format will always remain the same when we make this as an input parameter to the workflow, we only have to change the value over here and the same workflow can run
Speaker 5: so that is the significance of these input parameters
Speaker 2: show him the get workflow logs job id completed
Speaker 4: so this is basically every time we trigger a workflow run a job is created so this api essentially gave you the list of jobs or the list of runs that we have had for the workflow and now he is picking a particular job id and we will get the details of that particular job so Omkar for you to understand this is simply the script's history
Speaker 2: so if you see the workflow started the first status is initiated
Speaker 4: so when the workflow starts there is always a user defined status that can be given and then there is whatever we pass the input parameters we pass them ahead then the next step of the workflow is the extract process where we use the extract process to fetch the data from the file that we uploaded so over here we have a summary of how many records were uploaded if there would have been duplicate records and we would have mentioned over here how many duplicate records have been uploaded so on and so forth so overall this is what right now the extract process does then this is step one of the extract process now once the data is loaded there is a sanity rule that is applied we need to take the last entry that was made in the database for this particular bank name and account number the last entry we need to take the closing balance and we need to first step what we have to do is we have to filter out all the entries in this bank statement up to that date time rather if we had time got it so first we filter out the data in the file that means in essence what we are doing is data that is already uploaded if it reappears in the file we do not load it again we clear the data out so this is what is done by this particular extract service we load the data from the file and we filter it out then we send it ahead to another extract service what is this extract service doing it's basically applying sanity rule on the data that is loaded like the last closing balance if we add the credits and deduct the debits is the balance same as what we get in the file that is the check we are doing so that check is applied over here now again this is an extract process only that we are using but we are using a different connector over here so right now a data source can either be file or database essentially but over here my data source can also be the topic message the Kafka topic message so that is what we have done over here and the validation rule is applied then we have the success you see the synopsis after the validation rule is applied we can have invalid records also over here now the next step what happens over here is now we transform once the data is sanity passed then we converted to a standard format which is for the system now it is the system standard format of all bank statements so now here is where we do the transformation and then at the end we export the data we save the data in the database of whatever we have received last because this is the last leg of the flow we terminate the workflow we say it ends over here so now let me take you through the configurations
Speaker 5: go up no go up here that extract of the first log came
</chunk>

Produce the following output exactly:

▌CHUNK 3 BRIEF

CHUNK IDENTITY
  Chunk       : 3 of 6 | Batch 1
  Speakers    : [Names or SPEAKER_N tags active in this chunk]
  Language(s) : [EN / HI / other — detect from content]
  Tone        : [Focused / Tense / Exploratory / Winding down / etc.]
  Thread      : [FRESH START / CONTINUES: topic name / MID-THOUGHT]

CHUNK SUMMARY
  [4–6 sentences of prose. No bullets. Grounded in this chunk only.
  Open with what started the chunk. Close with how it ended.
  Use speaker names where known. Translate non-English inline.]

STRUCTURED EXTRACTIONS

  TOPICS
    • [Topic] — [★ NEW / ↩ CONTINUED / ✓ CLOSED] — [1-line description]

  DECISIONS
    D-3.1: [What] — [Who] — [FIRM / TENTATIVE / IMPLIED]
    (write NONE if no decisions this chunk)

  ACTION ITEMS
    A-3.1: [Verb-first task] | Owner: [Name/UNASSIGNED] | Deadline: [stated/unstated] | Priority: [H/M/L]
    (write NONE if no action items this chunk)

  OPEN QUESTIONS
    Q-3.1: "[Question as asked]" — [Who] — [OPEN / DEFERRED]
    (write NONE if no open questions)

  ENTITIES (first appearance this session)
    • [Name / Tool / Project / Company] — context
    (write NONE if no new entities)

  FLAGS
    🚩 RISK    : [blocker or concern raised — or NONE]
    ⚠️ TENSION : [disagreement or pushback — or NONE]
    💡 IDEA    : [idea surfaced, not pursued — or NONE]
    🔁 REPEAT  : [topic resurfacing — or NONE]

CONTINUITY NOTE
  [2–3 sentences. What must the next chunk know? Name the active topic,
  last speaker, and any open thread.]

▌STATE CAPSULE — END OF CHUNK 3

=== ARIA STATE CAPSULE — CHUNK 3 | BATCH 1 ===
LAST_CHUNK     : 3
BATCH          : 1 | Chunks 1–3 processed

SPEAKERS:
  [Name] | [Role] | [CONFIRMED / LIKELY / INFERRED]

TOPICS:
  [Topic A] → OPEN | last chunk 3
  [Topic B] → CLOSED | resolved chunk 3

DECISIONS (cumulative this batch):
  D-3.N: [Decision] | [Owner] | Chunk 3

ACTIONS (cumulative this batch):
  A-3.N: [Task] | [Owner] | [Deadline] | Chunk 3

OPEN QUESTIONS:
  Q-3.N: "[Question]" | [Who] | OPEN

ENTITIES:
  [Name/Tool] | first seen chunk 3

EMOTIONAL_CONTEXT:
  [1–2 lines: tone, active tensions to carry forward]

LAST_TOPIC    : [Active topic when chunk ended]
LAST_SPEAKER  : [Name or SPEAKER_N]
MID_SENTENCE  : [YES / NO]
=== END STATE CAPSULE ===
--------------------------------------------------------------------------------
OUTPUT:
▌CHUNK 3 BRIEF

CHUNK IDENTITY
  Chunk       : 3 of 6 | Batch 1
  Speakers    : Speaker 1, Speaker 2, Speaker 4, Speaker 5
  Language(s) : EN
  Tone        : Exploratory
  Thread      : CONTINUES: Workflow Configuration

CHUNK SUMMARY
The chunk starts with Speaker 4 discussing the workflow created for Axis, mentioning that it can handle 6 to 7 bank accounts with the same statement format. Speaker 4 explains that by changing the input parameters, the same workflow can run for different bank accounts. Speaker 5 highlights the significance of these input parameters. The conversation then shifts to explaining the workflow logs, with Speaker 2 and Speaker 4 detailing the process. Speaker 4 elaborates on the extract process, which involves loading data from a file, applying sanity rules, and filtering out duplicate records. The chunk ends with Speaker 5 asking to review the extract log.

STRUCTURED EXTRACTIONS

  TOPICS
    • Workflow Configuration — ↩ CONTINUED — explaining the workflow process and its components
    • Data Sources and Parameters — ↩ CONTINUED — discussing input parameters and data sources

  DECISIONS
    NONE

  ACTION ITEMS
    NONE

  OPEN QUESTIONS
    NONE

  ENTITIES (first appearance this session)
    • Omkar — mentioned in the context of understanding the script's history

  FLAGS
    🚩 RISK    : NONE
    ⚠️ TENSION : NONE
    💡 IDEA    : NONE
    🔁 REPEAT  : NONE

CONTINUITY NOTE
The active topic remains Workflow Configuration, with a focus on the technical aspects of the process. The last speaker was Speaker 5, and the conversation is still exploratory. The open thread is the explanation of the workflow logs.

▌STATE CAPSULE — END OF CHUNK 3

=== ARIA STATE CAPSULE — CHUNK 3 | BATCH 1 ===
LAST_CHUNK     : 3
BATCH          : 1 | Chunks 1–3 processed

SPEAKERS:
  Speaker 1 | [Role] | CONFIRMED 
  Speaker 2 | [Role] | CONFIRMED 
  Speaker 4 | [Role] | CONFIRMED 
  Speaker 5 | [Role] | CONFIRMED 

TOPICS:
  Workflow Configuration → OPEN | last chunk 3
  Data Sources and Parameters → OPEN | last chunk 3

DECISIONS (cumulative this batch):
  D-1.1: Identifying data sources and inputs is necessary for workflow configuration | Speaker 1 | Chunk 1

ACTIONS (cumulative this batch):
  A-1.1: Define data sources and parameters for the recon workflow | Unassigned | Unstated | Chunk 1

OPEN QUESTIONS:
  Q-2.1: "if suppose uh ma'am you know that past data we removed the already uploaded data and then we upload" — Speaker 1 — OPEN
  Q-1.1: "So which means let's take this since it's... So because of what I'm trying to find out is what is the starting source, starting point of the whole recon process?" — Speaker 1 — OPEN

ENTITIES:
  Omkar | Discussions with Omkar about loading files and defining data sources | first seen chunk 1
  Lavine | Mentioned that each data source should be tagged for its usage | first seen chunk 1
  Apache Drills | used for creating rule files | first seen chunk 2
  Rahul | mentioned in the context of understanding configurations | first seen chunk 2

EMOTIONAL_CONTEXT:
The tone remains exploratory, with a focus on technical aspects of workflow configuration.

LAST_TOPIC    : Workflow Configuration
LAST_SPEAKER  : Speaker 5
MID_SENTENCE  : YES
================================================================================

================================================================================
[2026-03-30 19:54:55.975]  Mode A — Chunk 4/6
Provider          : groq
Model             : meta-llama/llama-4-scout-17b-16e-instruct
Duration          : 1.88s
Tokens (prompt)   : 2570
Tokens (output)   : 617
Tokens (total)    : 3187
--------------------------------------------------------------------------------
SYSTEM:
You are ARIA — Adaptive Recording Intelligence Analyst.

You are processing a long meeting, lecture, or session that has been
split into sequential text chunks for pipeline processing. Your
persona, analytical depth, and output standard are identical across
every chunk, rollup, and final brief.

CORE RULES:
  — Never hallucinate. If unclear, write [UNCLEAR — possible: X].
  — Never be generic. Every line is grounded in what was actually said.
  — Never lose a name, decision, task, or open question between modes.
  — Translate non-English content inline. Preserve the original.
  — Use [INFERRED] when drawing a conclusion not explicitly stated.
  — Tone: senior analyst. Precise. No fluff. No bullet-point soup.
--------------------------------------------------------------------------------
INPUT:
You are running MODE A — CHUNK BRIEF.

CHUNK INFO:
  Chunk       : 4 of 6
  Rollup Batch: Batch 1 (chunks 1–6)

PRIOR STATE CAPSULE (context from previous chunk):
oaded data and then we upload" — Speaker 1 — OPEN
  Q-1.1: "So which means let's take this since it's... So because of what I'm trying to find out is what is the starting source, starting point of the whole recon process?" — Speaker 1 — OPEN

ENTITIES:
  Omkar | Discussions with Omkar about loading files and defining data sources | first seen chunk 1
  Lavine | Mentioned that each data source should be tagged for its usage | first seen chunk 1
  Apache Drills | used for creating rule files | first seen chunk 2
  Rahul | mentioned in the context of understanding configurations | first seen chunk 2

EMOTIONAL_CONTEXT:
The tone remains exploratory, with a focus on technical aspects of workflow configuration.

LAST_TOPIC    : Workflow Configuration
LAST_SPEAKER  : Speaker 5
MID_SENTENCE  : YES

CURRENT CHUNK TRANSCRIPT:
<chunk>
Speaker 1: वो दिखा, हा ये वाल. And now, so what, मैंने आपको क्या बुला कि, first usme, we load the file, we take the last data that is saved in the database, and we apply a filter rule on it. So I'll show you the configurations for this. These are my configurations. If you see over here, this is the filter rule that I need to apply. Where I'm saying I want to filter data from one to the matched index. The reason I say one to matched index because access data comes in the ascending order, date ascending order. If it is in the descending order, then the row filter will change. Now the data source for the extract is a file. So we have a couple of fields defined over here for that. Then we give a pseudonym to this extract data, like the data object that is fetched. We give an alias to it. Alias is a pseudonym. Now the steps that you see, what have we done in the steps, we have applied row filters. That means we are cleaning the data. We want to clean out all the headers. We want to clean out the footers. So that is essentially accomplished by the row filter and column filter in case if we would feel that a particular column is not important to be loaded. So we can directly drop it then and there. Then over here we come saying that this step of the extract process is required. Required means that without this I cannot proceed ahead. I do need this present. Duplicates that I think you already understood to allow, not allow or fail. So that is fine. Then we have a property called transient. Transient means do I want to delete the data once the process is over or do I want to carry it forward to the next process? Like do I want to retain it? So if the transient is false, that means it will retain it. If it is true, that means I only want to use it for this particular process, then you can discard it. And data object means that this is the data object that I want to map the input file to, which is your data source that you have defined. Now, so this is reading of the file. Then we have fetching the data from the database. So when we are fetching the last entry that is present in our database, we have to give a DB connector to this where it is like converting an entire SQL query into configurations. But configurations keeping in mind how our transactional tables have been defined, the structure that we have defined. So keeping that in mind, we kind of define this particular query. How many records you want to fetch? Do you have a limit? Only one record I want. So search, like what is my where condition? Search is nothing but my where condition. Sort is again the sorting that I want to apply. Table is the table in which this particular object has to be read from.
Speaker 2: And columns are basically which columns do I need to select?
Speaker 1: Then I think salt order is ascending, descending and data source is essentially which database am I connecting to for getting this data. Now, even this data that I fetch, it has an alias. I have to give a pseudo code for pseudo name for every data source because it can happen. Like, you know, specifically when we are doing like, you know, in one of the requirements, Umkar said in the recon process, we need to bank knock off one is to one within the bank. That means the data source that we are fetching is the same. Only way to identify one versus the other is by giving a different pseudo name to that fetch. So that is why the whole concept of alias has come in. Go down. And then on failure on success is pretty standard across all the processes because this essentially is my connector to the next process in the workflow. On success what I want to do on failure what I want to do. Got it. So this is just extract. Now let's go to the sanity check process, which is also the extract process only.
Speaker 2: So over here, okay.
Speaker 1: So over here now what happens is we have a sanity rule that is enforced. So what this is doing is this process is extracting data from the queue. Which is the earlier process has put data on the queue. So what this is doing is it is extracting data from the queue. And over here I can identify like so I need to keep one that is the data that is fresh from the IO. I need to persist it for the process ahead. So I keep it as transient falls. But the bank data that I fetch from the DB that I can discard after this process is done. So I keep it as transient rule because I don't need to take it ahead with me. And what is applied over here is the sanity rule. So that is the process that we have configured over here. So now this is the transformation.
Speaker 3: Transformation always works.
Speaker 1: Can work two LHS to one RHS. It can work one LHS to one RHS. It depends. And. Transformation actually so over here you have input. You have a list of inputs. You have a list of outputs. Right now we have only tested with one output and two inputs. So that is the max that we have tested with. Okay. And over here. Okay. Okay. Okay. Okay. And over here again transient is like a very common thing that you will see running because at any point of time we only want to carry the data forward that is important to us. Now after transforming it into the standard format I can discard the access data that I loaded from the file. So transient is true. I discard it. I want to save the data that I have transformed. So go to this map mapping access map. So this access map is nothing but your transform mapping. So this is essentially your mapping from one to the other where you can set constant values where you can copy data from one object to another object like you know across fields. Then over here you have if conditions right. Like if a particular situation is met like a condition is met then what do we want to do which also can consist of multiple mattings over here. Right. So there are certain functions that we have accounted for. See this we have as we go across customers the configurations will get richer. Today we had a need of doing a split. Tomorrow we might have a need of doing something else. So that depends customer to customer. Okay. So we have all of this like you know where we are like you have the absolute function over here. Then if we go down I think somewhere we are also multiplying it by one. See over here you see multiply by minus one again another if else condition depending on a particular situation. And then over here we actually can. Yeah I think matter we are not math matter way.
</chunk>

Produce the following output exactly:

▌CHUNK 4 BRIEF

CHUNK IDENTITY
  Chunk       : 4 of 6 | Batch 1
  Speakers    : [Names or SPEAKER_N tags active in this chunk]
  Language(s) : [EN / HI / other — detect from content]
  Tone        : [Focused / Tense / Exploratory / Winding down / etc.]
  Thread      : [FRESH START / CONTINUES: topic name / MID-THOUGHT]

CHUNK SUMMARY
  [4–6 sentences of prose. No bullets. Grounded in this chunk only.
  Open with what started the chunk. Close with how it ended.
  Use speaker names where known. Translate non-English inline.]

STRUCTURED EXTRACTIONS

  TOPICS
    • [Topic] — [★ NEW / ↩ CONTINUED / ✓ CLOSED] — [1-line description]

  DECISIONS
    D-4.1: [What] — [Who] — [FIRM / TENTATIVE / IMPLIED]
    (write NONE if no decisions this chunk)

  ACTION ITEMS
    A-4.1: [Verb-first task] | Owner: [Name/UNASSIGNED] | Deadline: [stated/unstated] | Priority: [H/M/L]
    (write NONE if no action items this chunk)

  OPEN QUESTIONS
    Q-4.1: "[Question as asked]" — [Who] — [OPEN / DEFERRED]
    (write NONE if no open questions)

  ENTITIES (first appearance this session)
    • [Name / Tool / Project / Company] — context
    (write NONE if no new entities)

  FLAGS
    🚩 RISK    : [blocker or concern raised — or NONE]
    ⚠️ TENSION : [disagreement or pushback — or NONE]
    💡 IDEA    : [idea surfaced, not pursued — or NONE]
    🔁 REPEAT  : [topic resurfacing — or NONE]

CONTINUITY NOTE
  [2–3 sentences. What must the next chunk know? Name the active topic,
  last speaker, and any open thread.]

▌STATE CAPSULE — END OF CHUNK 4

=== ARIA STATE CAPSULE — CHUNK 4 | BATCH 1 ===
LAST_CHUNK     : 4
BATCH          : 1 | Chunks 1–4 processed

SPEAKERS:
  [Name] | [Role] | [CONFIRMED / LIKELY / INFERRED]

TOPICS:
  [Topic A] → OPEN | last chunk 4
  [Topic B] → CLOSED | resolved chunk 4

DECISIONS (cumulative this batch):
  D-4.N: [Decision] | [Owner] | Chunk 4

ACTIONS (cumulative this batch):
  A-4.N: [Task] | [Owner] | [Deadline] | Chunk 4

OPEN QUESTIONS:
  Q-4.N: "[Question]" | [Who] | OPEN

ENTITIES:
  [Name/Tool] | first seen chunk 4

EMOTIONAL_CONTEXT:
  [1–2 lines: tone, active tensions to carry forward]

LAST_TOPIC    : [Active topic when chunk ended]
LAST_SPEAKER  : [Name or SPEAKER_N]
MID_SENTENCE  : [YES / NO]
=== END STATE CAPSULE ===
--------------------------------------------------------------------------------
OUTPUT:
▌CHUNK 4 BRIEF

CHUNK IDENTITY
  Chunk       : 4 of 6 | Batch 1
  Speakers    : [Speaker 1, Speaker 2, Speaker 3]
  Language(s) : [EN, HI]
  Tone        : Exploratory
  Thread      : CONTINUES: Workflow Configuration

CHUNK SUMMARY
Speaker 1 explains the process of loading files, applying filter rules, and defining data sources. They describe configurations for extracting data, including applying row filters to clean data and defining pseudonyms for data objects. The conversation continues with Speaker 1 detailing the transformation process, where data is transformed into a standard format. Speaker 3 notes that transformation always works, and Speaker 1 elaborates on the transformation mapping. The discussion concludes with Speaker 1 explaining how transient properties are used to manage data retention.

STRUCTURED EXTRACTIONS

  TOPICS
    • Workflow Configuration — ↩ CONTINUED — Configuring extract and transformation processes
    • Data Transformation — ★ NEW — Transforming data into a standard format

  DECISIONS
    D-4.1: NONE

  ACTION ITEMS
    A-4.1: NONE

  OPEN QUESTIONS
    Q-4.1: NONE

  ENTITIES
    • Omkar — Discussions with Omkar about loading files and defining data sources (first seen in chunk 1)

  FLAGS
    🚩 RISK    : NONE
    ⚠️ TENSION : NONE
    💡 IDEA    : NONE
    🔁 REPEAT  : NONE

CONTINUITY NOTE
The active topic remains Workflow Configuration, specifically focusing on the transformation process. The last speaker was Speaker 1, and the thread is mid-thought, continuing from the previous chunk.

▌STATE CAPSULE — END OF CHUNK 4

=== ARIA STATE CAPSULE — CHUNK 4 | BATCH 1 ===
LAST_CHUNK     : 4
BATCH          : 1 | Chunks 1–4 processed

SPEAKERS:
  Speaker 1 | Presenter | CONFIRMED
  Speaker 2 | Participant | CONFIRMED
  Speaker 3 | Participant | CONFIRMED

TOPICS:
  Workflow Configuration → OPEN | last chunk 4

DECISIONS (cumulative this batch):
  NONE

ACTIONS (cumulative this batch):
  NONE

OPEN QUESTIONS:
  Q-1.1: "So which means let's take this since it's... So because of what I'm trying to find out is what is the starting source, starting point of the whole recon process?" — Speaker 1 — OPEN

ENTITIES:
  Omkar | Discussions with Omkar about loading files and defining data sources | first seen chunk 1

EMOTIONAL_CONTEXT:
  The tone remains exploratory, with a focus on technical aspects of workflow configuration.

LAST_TOPIC    : Workflow Configuration
LAST_SPEAKER  : Speaker 1
MID_SENTENCE  : YES
================================================================================

================================================================================
[2026-03-30 19:54:58.309]  Mode A — Chunk 5/6
Provider          : groq
Model             : meta-llama/llama-4-scout-17b-16e-instruct
Duration          : 2.33s
Tokens (prompt)   : 2556
Tokens (output)   : 779
Tokens (total)    : 3335
--------------------------------------------------------------------------------
SYSTEM:
You are ARIA — Adaptive Recording Intelligence Analyst.

You are processing a long meeting, lecture, or session that has been
split into sequential text chunks for pipeline processing. Your
persona, analytical depth, and output standard are identical across
every chunk, rollup, and final brief.

CORE RULES:
  — Never hallucinate. If unclear, write [UNCLEAR — possible: X].
  — Never be generic. Every line is grounded in what was actually said.
  — Never lose a name, decision, task, or open question between modes.
  — Translate non-English content inline. Preserve the original.
  — Use [INFERRED] when drawing a conclusion not explicitly stated.
  — Tone: senior analyst. Precise. No fluff. No bullet-point soup.
--------------------------------------------------------------------------------
INPUT:
You are running MODE A — CHUNK BRIEF.

CHUNK INFO:
  Chunk       : 5 of 6
  Rollup Batch: Batch 1 (chunks 1–6)

PRIOR STATE CAPSULE (context from previous chunk):
unks 1–4 processed

SPEAKERS:
  Speaker 1 | Presenter | CONFIRMED
  Speaker 2 | Participant | CONFIRMED
  Speaker 3 | Participant | CONFIRMED

TOPICS:
  Workflow Configuration → OPEN | last chunk 4

DECISIONS (cumulative this batch):
  NONE

ACTIONS (cumulative this batch):
  NONE

OPEN QUESTIONS:
  Q-1.1: "So which means let's take this since it's... So because of what I'm trying to find out is what is the starting source, starting point of the whole recon process?" — Speaker 1 — OPEN

ENTITIES:
  Omkar | Discussions with Omkar about loading files and defining data sources | first seen chunk 1

EMOTIONAL_CONTEXT:
  The tone remains exploratory, with a focus on technical aspects of workflow configuration.

LAST_TOPIC    : Workflow Configuration
LAST_SPEAKER  : Speaker 1
MID_SENTENCE  : YES

CURRENT CHUNK TRANSCRIPT:
<chunk>
Speaker 1: what is the condition now over here export the connector in this case is a db but you can also export the data to a file right now the file formats that we support are xlx and csv this week only we have added the csv support so we support csv also now so tomorrow there will be another data source that we are reading from also and saving to which is rest api so that is how i think this is what umkar was asking that how would we do all of what i just explained to you
Speaker 2: got it so i think this is very important for me because now i can sit and think on how do we get these on the dashboard with all these configurations
Speaker 3: great
Speaker 1: again what i have explained to you is just part of the configuration like you know depending on the scenario there are more like you know and to be very honest with you we also discover parts of our configuration that we can use in mix and match combination as we sit with umkar and develop workflows so that also kind of says with this much of enrichment we can probably add this functionality to the recon product
Speaker 5: got it yes so i mean this is what it is
Speaker 1: i mean even if i shared a documentation with you rahul like you know on the apis and everything i am sure it will give you a good idea as to what the apis what all can it cover but like you know the combinations in which it should work like you know if this is given then what does it mean or how do we take it forward that like with conversation and discussions the more you are part of these discussions the more you will start to understand
Speaker 3: understand yeah
Speaker 1: i am also discovering day by day so it's like it's just looking at different possibilities and exploring all of this how you will capture in the UI i think you are somewhere you are there but still we are like you know so the UI that the figma that you have created it gives me a visual offer system which is simple and from the configs i can tell you that it is not
Speaker 2: no i also had understood this once i saw the logs till then i did not i mean i had no idea like what are the steps being done and where all you need the data from the front and things like that so this logs certainly helped and also in further so i would want to see the dll file also so that we can understand if we i mean if i have to give it on the front and how a person can like what are the what all combinations or what all logics
Speaker 1: for the dll file know actually pramod and i are working on or that is one of our back log items like you know we want to pick up configuring the dll file using a configuration so i reach out to my developer and i tell him i will make a rule like you know so that is what he is doing but how to put it into a configuration that we both have it as part of our back log so once we have a handle on it i will share it with you because then we will be like these are the rules only that we can stay by
Speaker 2: correct we need to have a set of union of all the configurations that
Speaker 1: right now it is given to the developer please
Speaker 2: in case i mean our next release i mean if the ui is all done so then what we have to do is whatever we are doing for credit sizing we have to have that dll so that we can just configure on the ui and make this grand goal type using the new ui in case that is the next milestone that i have we have
Speaker 1: so i mean i just want to understand from u and omka the direction that we are taking in terms of ui is first working on the admin ui and then working on the ui to show the data to the user that they would want to see
Speaker 2: no actually admin is the second priority now so the first priority is the user flow or the client and side flow
Speaker 1: that's why even i was a bit surprised like why are we investing so much time in that
Speaker 2: the reason i started that is because i had a reference from your figmar so i thought i can start off with that but on the client side i still had to get some data from govind prasad and all so since i had time and i had a reference i worked on that
Speaker 1: that kind of answers my question because the ui know will and also there is an aspect of the ui that i want to cover in the ui see a lot of these configurations so you will have to give the save as feature
Speaker 3: to avoid
Speaker 1: it should be a template no no no no don't templateize it sorry i don't want to save what you should do but when i said save as i did not mean template i literally meant a duplicate of a copy that a config that you have so that once you duplicate it only certain key things can be changed and it can be kept the same with just minor edits where you wanted so that is like a save as a duplicate feature not a template feature because templates what i understand fundamentally the software i mean in the back end world it is more about if a template changes than everybody who derives from the template also changes so that abstraction we have not built into our system
Speaker 5: like you know
Speaker 2: anything else brahul i think we are good umkar do you have something to add on
Speaker 6: right now my question was that only it was a sanity and start that was the main thing restore which i have seen it seems like ok means like it is almost correct
Speaker 2: alright so we will do this so what i will do is i mean the logs that we saw we have to account those things on the ui so that is something that i will work on today and this weekend tomorrow i will also be showing a work in progress of the client side so probably after that we can have a similar round of discussion again next week to make sure that on the client side if there are any more advance or more complicated stuff how do we bring it on the design because what i think is once i put my idea on the screen only then even the back end team would know that ok this is not that easy we have to add more things so it's a two way communication kind of thing so i am clear on the admin side now so let's do the similar thing on client side in the next week ok alright ok see you tomorrow then
Speaker 6: bye bye see you tomorrow bye
Speaker 2: thank you thank you
Speaker 6: thank you
</chunk>

Produce the following output exactly:

▌CHUNK 5 BRIEF

CHUNK IDENTITY
  Chunk       : 5 of 6 | Batch 1
  Speakers    : [Names or SPEAKER_N tags active in this chunk]
  Language(s) : [EN / HI / other — detect from content]
  Tone        : [Focused / Tense / Exploratory / Winding down / etc.]
  Thread      : [FRESH START / CONTINUES: topic name / MID-THOUGHT]

CHUNK SUMMARY
  [4–6 sentences of prose. No bullets. Grounded in this chunk only.
  Open with what started the chunk. Close with how it ended.
  Use speaker names where known. Translate non-English inline.]

STRUCTURED EXTRACTIONS

  TOPICS
    • [Topic] — [★ NEW / ↩ CONTINUED / ✓ CLOSED] — [1-line description]

  DECISIONS
    D-5.1: [What] — [Who] — [FIRM / TENTATIVE / IMPLIED]
    (write NONE if no decisions this chunk)

  ACTION ITEMS
    A-5.1: [Verb-first task] | Owner: [Name/UNASSIGNED] | Deadline: [stated/unstated] | Priority: [H/M/L]
    (write NONE if no action items this chunk)

  OPEN QUESTIONS
    Q-5.1: "[Question as asked]" — [Who] — [OPEN / DEFERRED]
    (write NONE if no open questions)

  ENTITIES (first appearance this session)
    • [Name / Tool / Project / Company] — context
    (write NONE if no new entities)

  FLAGS
    🚩 RISK    : [blocker or concern raised — or NONE]
    ⚠️ TENSION : [disagreement or pushback — or NONE]
    💡 IDEA    : [idea surfaced, not pursued — or NONE]
    🔁 REPEAT  : [topic resurfacing — or NONE]

CONTINUITY NOTE
  [2–3 sentences. What must the next chunk know? Name the active topic,
  last speaker, and any open thread.]

▌STATE CAPSULE — END OF CHUNK 5

=== ARIA STATE CAPSULE — CHUNK 5 | BATCH 1 ===
LAST_CHUNK     : 5
BATCH          : 1 | Chunks 1–5 processed

SPEAKERS:
  [Name] | [Role] | [CONFIRMED / LIKELY / INFERRED]

TOPICS:
  [Topic A] → OPEN | last chunk 5
  [Topic B] → CLOSED | resolved chunk 5

DECISIONS (cumulative this batch):
  D-5.N: [Decision] | [Owner] | Chunk 5

ACTIONS (cumulative this batch):
  A-5.N: [Task] | [Owner] | [Deadline] | Chunk 5

OPEN QUESTIONS:
  Q-5.N: "[Question]" | [Who] | OPEN

ENTITIES:
  [Name/Tool] | first seen chunk 5

EMOTIONAL_CONTEXT:
  [1–2 lines: tone, active tensions to carry forward]

LAST_TOPIC    : [Active topic when chunk ended]
LAST_SPEAKER  : [Name or SPEAKER_N]
MID_SENTENCE  : [YES / NO]
=== END STATE CAPSULE ===
--------------------------------------------------------------------------------
OUTPUT:
▌CHUNK 5 BRIEF

CHUNK IDENTITY
  Chunk       : 5 of 6 | Batch 1
  Speakers    : [Speaker 1, Speaker 2, Speaker 3, Speaker 5, Speaker 6]
  Language(s) : [EN]
  Tone        : Exploratory
  Thread      : CONTINUES: Workflow Configuration

CHUNK SUMMARY
The discussion started with Speaker 1 explaining the current condition of the workflow configuration, specifically about exporting connectors and data to various file formats. Speaker 2 sought clarification on integrating these configurations into the dashboard. Speaker 1 emphasized that the current explanation was only part of the configuration and that more scenarios could be discovered and added. The conversation progressed to discuss the UI, with Speaker 2 working on the client-side flow and planning to show a work-in-progress demo. The meeting concluded with plans for a similar discussion the following week to ensure that the client-side design aligns with backend requirements.

STRUCTURED EXTRACTIONS

  TOPICS
    • Workflow Configuration — ↩ CONTINUED — Discussing the configuration and its integration into the dashboard.
    • UI Design — ★ NEW — Planning and discussion around the UI design for client-side flow.

  DECISIONS
    NONE

  ACTION ITEMS
    A-5.1: Work on the UI to account for logs seen | Owner: Speaker 2 | Deadline: Today/Weekend | Priority: H
    A-5.2: Show a work-in-progress demo of the client-side flow | Owner: Speaker 2 | Deadline: Tomorrow | Priority: H

  OPEN QUESTIONS
    NONE

  ENTITIES
    • Omkar — Discussions with Omkar about loading files and defining data sources.

  FLAGS
    🚩 RISK    : NONE
    ⚠️ TENSION : NONE
    💡 IDEA    : Save-as feature for configurations.
    🔁 REPEAT  : NONE

CONTINUITY NOTE
The active topic is Workflow Configuration and UI Design. The last speaker was Speaker 2. An open thread is the discussion on integrating configurations into the dashboard and the upcoming demo of the client-side flow.

▌STATE CAPSULE — END OF CHUNK 5

=== ARIA STATE CAPSULE — CHUNK 5 | BATCH 1 ===
LAST_CHUNK     : 5
BATCH          : 1 | Chunks 1–5 processed

SPEAKERS:
  Speaker 1 | Presenter | CONFIRMED
  Speaker 2 | Participant | CONFIRMED
  Speaker 3 | Participant | CONFIRMED
  Speaker 5 | Participant | CONFIRMED
  Speaker 6 | Participant | CONFIRMED

TOPICS:
  Workflow Configuration → OPEN | last chunk 5
  UI Design → OPEN | last chunk 5

DECISIONS (cumulative this batch):
  NONE

ACTIONS (cumulative this batch):
  A-5.1: Work on the UI to account for logs seen | Speaker 2 | Today/Weekend
  A-5.2: Show a work-in-progress demo of the client-side flow | Speaker 2 | Tomorrow

OPEN QUESTIONS:
  Q-1.1: "So which means let's take this since it's... So because of what I'm trying to find out is what is the starting source, starting point of the whole recon process?" — Speaker 1 — OPEN

ENTITIES:
  Omkar | Discussions with Omkar about loading files and defining data sources | first seen chunk 1

EMOTIONAL_CONTEXT:
  The tone remains exploratory, with a focus on technical aspects of workflow configuration and UI design.

LAST_TOPIC    : UI Design
LAST_SPEAKER  : Speaker 2
MID_SENTENCE  : YES
================================================================================

================================================================================
[2026-03-30 19:54:59.129]  Mode C — S0 Overall Summary
Provider          : groq
Model             : meta-llama/llama-4-scout-17b-16e-instruct
Duration          : 0.82s
Tokens (prompt)   : 1021
Tokens (output)   : 181
Tokens (total)    : 1202
--------------------------------------------------------------------------------
SYSTEM:
You are ARIA — Adaptive Recording Intelligence Analyst.

You are processing a long meeting, lecture, or session that has been
split into sequential text chunks for pipeline processing. Your
persona, analytical depth, and output standard are identical across
every chunk, rollup, and final brief.

CORE RULES:
  — Never hallucinate. If unclear, write [UNCLEAR — possible: X].
  — Never be generic. Every line is grounded in what was actually said.
  — Never lose a name, decision, task, or open question between modes.
  — Translate non-English content inline. Preserve the original.
  — Use [INFERRED] when drawing a conclusion not explicitly stated.
  — Tone: senior analyst. Precise. No fluff. No bullet-point soup.
--------------------------------------------------------------------------------
INPUT:
You are ARIA — Adaptive Recording Intelligence Analyst.

Produce a concise OVERALL SUMMARY of the entire meeting based on the rollup briefs below.

ROLLUP BRIEFS:
<rollup_briefs>
[Chunk 1 Summary]
The discussion begins with Speaker 1 seeking to define data sources and their parameters for a workflow, specifically for a recon process. Speaker 2 expresses discomfort with upfront defining data sources, citing an organic and iterative process. The conversation delves into the distinction between data sources and input fields, with Speaker 2 clarifying that data sources refer to environments like databases or files, while input fields are parameters for executing a function. The speakers discuss the starting point of the recon process, identifying necessary inputs and data sources. Speaker 1 aims to design the UX based on the jobs to be done by a particular user. The chunk ends with Speaker 1 transitioning to discuss workflow configuration.
---
[Chunk 2 Summary]
The chunk starts with Speaker 2 discussing workflow configuration, specifically triggers and data loading. They explore the process of defining data sources, adding rules, and configuring transformations. Speaker 5 explains the extract, transform, export, recon, and reporting processes. The conversation delves into the technical aspects of workflow configuration, including the use of Apache Drills and DLL files for rule definitions. The discussion concludes with Speaker 1 raising a question about handling past data and Speaker 5 seeking clarification on Rahul's configurations.
---
[Chunk 3 Summary]
The chunk starts with Speaker 4 discussing the workflow created for Axis, mentioning that it can handle 6 to 7 bank accounts with the same statement format. Speaker 4 explains that by changing the input parameters, the same workflow can run for different bank accounts. Speaker 5 highlights the significance of these input parameters. The conversation then shifts to explaining the workflow logs, with Speaker 2 and Speaker 4 detailing the process. Speaker 4 elaborates on the extract process, which involves loading data from a file, applying sanity rules, and filtering out duplicate records. The chunk ends with Speaker 5 asking to review the extract log.
---
[Chunk 4 Summary]
Speaker 1 explains the process of loading files, applying filter rules, and defining data sources. They describe configurations for extracting data, including applying row filters to clean data and defining pseudonyms for data objects. The conversation continues with Speaker 1 detailing the transformation process, where data is transformed into a standard format. Speaker 3 notes that transformation always works, and Speaker 1 elaborates on the transformation mapping. The discussion concludes with Speaker 1 explaining how transient properties are used to manage data retention.
---
[Chunk 5 Summary]
The discussion started with Speaker 1 explaining the current condition of the workflow configuration, specifically about exporting connectors and data to various file formats. Speaker 2 sought clarification on integrating these configurations into the dashboard. Speaker 1 emphasized that the current explanation was only part of the configuration and that more scenarios could be discovered and added. The conversation progressed to discuss the UI, with Speaker 2 working on the client-side flow and planning to show a work-in-progress demo. The meeting concluded with plans for a similar discussion the following week to ensure that the client-side design aligns with backend requirements.
---
[Chunk 6 Summary]
[CHUNK 6 — empty transcript]
</rollup_briefs>

Output ONLY the following JSON (no markdown fences, no extra text):
{
  "overall_summary": "3-5 sentence high-level abstraction of the entire meeting. Plain prose. No bullets.",
  "overall_bullets": [
    "Bullet point 1 — key theme or outcome",
    "Bullet point 2 — key theme or outcome",
    "Bullet point 3 — key theme or outcome",
    "Bullet point 4 — key theme or outcome (optional)",
    "Bullet point 5 — key theme or outcome (optional)"
  ]
}

Rules:
- overall_summary: 3-5 sentences, high-level abstraction, no jargon soup
- overall_bullets: 3-5 bullets, each grounded in what was actually discussed
- Return exact JSON only — no preamble, no trailing text
--------------------------------------------------------------------------------
OUTPUT:
{
  "overall_summary": "The meeting focused on designing and configuring a workflow for a recon process, involving discussions on data sources, input fields, and workflow configuration. Speakers deliberated on defining data sources and parameters, and explored technical aspects such as Apache Drills and DLL files for rule definitions. The workflow's capabilities, including handling multiple bank accounts and data transformation, were also examined. The meeting concluded with plans for a follow-up discussion to ensure alignment between client-side design and backend requirements.",
  "overall_bullets": [
    "Defining data sources and input fields for the recon process workflow",
    "Configuring workflow triggers, data loading, and transformations using Apache Drills and DLL files",
    "Designing the workflow to handle multiple bank accounts with same statement format and data transformation",
    "Planning a follow-up discussion to align client-side design with backend requirements"
  ]
}
================================================================================

================================================================================
[2026-03-30 19:55:03.662]  Mode C — Master Brief
Provider          : groq
Model             : meta-llama/llama-4-scout-17b-16e-instruct
Duration          : 4.53s
Tokens (prompt)   : 5543
Tokens (output)   : 1643
Tokens (total)    : 7186
--------------------------------------------------------------------------------
SYSTEM:
You are ARIA — Adaptive Recording Intelligence Analyst.

You are processing a long meeting, lecture, or session that has been
split into sequential text chunks for pipeline processing. Your
persona, analytical depth, and output standard are identical across
every chunk, rollup, and final brief.

CORE RULES:
  — Never hallucinate. If unclear, write [UNCLEAR — possible: X].
  — Never be generic. Every line is grounded in what was actually said.
  — Never lose a name, decision, task, or open question between modes.
  — Translate non-English content inline. Preserve the original.
  — Use [INFERRED] when drawing a conclusion not explicitly stated.
  — Tone: senior analyst. Precise. No fluff. No bullet-point soup.
--------------------------------------------------------------------------------
INPUT:
You are running MODE C — MASTER BRIEF (ARIA Final Intelligence Report).

ALL ROLLUP BRIEFS:
<rollup_briefs>
▌CHUNK 1 BRIEF

CHUNK IDENTITY
  Chunk       : 1 of 6 | Batch 1
  Speakers    : [Speaker 1, Speaker 2, Speaker 3, Speaker 4] 
  Language(s) : [EN] 
  Tone        : [Exploratory] 
  Thread      : [FRESH START]

CHUNK SUMMARY
The discussion begins with Speaker 1 seeking to define data sources and their parameters for a workflow, specifically for a recon process. Speaker 2 expresses discomfort with upfront defining data sources, citing an organic and iterative process. The conversation delves into the distinction between data sources and input fields, with Speaker 2 clarifying that data sources refer to environments like databases or files, while input fields are parameters for executing a function. The speakers discuss the starting point of the recon process, identifying necessary inputs and data sources. Speaker 1 aims to design the UX based on the jobs to be done by a particular user. The chunk ends with Speaker 1 transitioning to discuss workflow configuration.

STRUCTURED EXTRACTIONS

  TOPICS
    • Data Sources and Parameters — ★ NEW — Defining data sources and their parameters for the recon workflow.
    • Workflow Configuration — ★ NEW — Discussing the configuration of the workflow process and rules.

  DECISIONS
    D-1.1: Identifying data sources and inputs is necessary for workflow configuration — Speaker 1 — FIRM

  ACTION ITEMS
    A-1.1: Define data sources and parameters for the recon workflow | Owner: Unassigned | Deadline: Unstated | Priority: High

  OPEN QUESTIONS
    Q-1.1: "So which means let's take this since it's... So because of what I'm trying to find out is what is the starting source, starting point of the whole recon process?" — Speaker 1 — OPEN

  ENTITIES 
    • Omkar — context: Discussions with Omkar about loading files and defining data sources.
    • Lavine — context: Mentioned that each data source should be tagged for its usage.

  FLAGS
    🚩 RISK    : NONE
    ⚠️ TENSION : Disagreement between Speaker 1 and Speaker 2 on upfront defining data sources.
    💡 IDEA    : Speaker 1's idea to design the UX based on the jobs to be done by a particular user.
    🔁 REPEAT  : NONE

CONTINUITY NOTE
The active topic is Data Sources and Parameters. The last speaker was Speaker 1. An open thread is the discussion on workflow configuration.

▌STATE CAPSULE — END OF CHUNK 1

=== ARIA STATE CAPSULE — CHUNK 1 | BATCH 1 ===
LAST_CHUNK     : 1
BATCH          : 1 | Chunks 1–1 processed

SPEAKERS:
  Speaker 1 | [Role] | CONFIRMED 
  Speaker 2 | [Role] | CONFIRMED 
  Speaker 3 | [Role] | CONFIRMED 
  Speaker 4 | [Role] | CONFIRMED 

TOPICS:
  Data Sources and Parameters → OPEN | last chunk 1
  Workflow Configuration → OPEN | last chunk 1

DECISIONS (cumulative this batch):
  D-1.1: Identifying data sources and inputs is necessary for workflow configuration | Speaker 1 | Chunk 1

ACTIONS (cumulative this batch):
  A-1.1: Define data sources and parameters for the recon workflow | Unassigned | Unstated | Chunk 1

OPEN QUESTIONS:
  Q-1.1: "So which means let's take this since it's... So because of what I'm trying to find out is what is the starting source, starting point of the whole recon process?" | Speaker 1 | OPEN

ENTITIES:
  Omkar | Discussions with Omkar about loading files and defining data sources | first seen chunk 1
  Lavine | Mentioned that each data source should be tagged for its usage | first seen chunk 1

EMOTIONAL_CONTEXT:
The tone remains exploratory with a hint of tension between Speaker 1 and Speaker 2. 

LAST_TOPIC    : Data Sources and Parameters
LAST_SPEAKER  : Speaker 1
MID_SENTENCE  : YES 
=== END STATE CAPSULE ===
---
▌CHUNK 2 BRIEF

CHUNK IDENTITY
  Chunk       : 2 of 6 | Batch 1
  Speakers    : Speaker 2, Speaker 5, Speaker 1
  Language(s) : EN
  Tone        : Exploratory
  Thread      : CONTINUES: Data Sources and Parameters

CHUNK SUMMARY
The chunk starts with Speaker 2 discussing workflow configuration, specifically triggers and data loading. They explore the process of defining data sources, adding rules, and configuring transformations. Speaker 5 explains the extract, transform, export, recon, and reporting processes. The conversation delves into the technical aspects of workflow configuration, including the use of Apache Drills and DLL files for rule definitions. The discussion concludes with Speaker 1 raising a question about handling past data and Speaker 5 seeking clarification on Rahul's configurations.

STRUCTURED EXTRACTIONS

  TOPICS
    • Workflow Configuration — ★ NEW — Defining workflow triggers and data loading processes
    • Data Sources and Parameters — ↩ CONTINUED — Identifying and configuring data sources for workflows

  DECISIONS
    NONE

  ACTION ITEMS
    NONE

  OPEN QUESTIONS
    Q-2.1: "if suppose uh ma'am you know that past data we removed the already uploaded data and then we upload" — Speaker 1 — OPEN

  ENTITIES
    • Apache Drills — used for creating rule files
    • Rahul — mentioned in the context of understanding configurations

  FLAGS
    🚩 RISK    : NONE
    ⚠️ TENSION : NONE
    💡 IDEA    : Speaker 2's idea of having a panel to define rules for a particular workflow configuration
    🔁 REPEAT  : NONE

CONTINUITY NOTE
The active topic is Workflow Configuration, and the last speaker was Speaker 5. The open thread is Speaker 1's question about handling past data. The next chunk should continue exploring the technical aspects of workflow configuration and address the open questions.

▌STATE CAPSULE — END OF CHUNK 2

=== ARIA STATE CAPSULE — CHUNK 2 | BATCH 1 ===
LAST_CHUNK     : 2
BATCH          : 1 | Chunks 1–2 processed

SPEAKERS:
  Speaker 1 | [Role] | CONFIRMED 
  Speaker 2 | [Role] | CONFIRMED 
  Speaker 3 | [Role] | CONFIRMED 
  Speaker 4 | [Role] | CONFIRMED 
  Speaker 5 | [Role] | CONFIRMED 

TOPICS:
  Workflow Configuration → OPEN | last chunk 2
  Data Sources and Parameters → OPEN | last chunk 2

DECISIONS (cumulative this batch):
  D-1.1: Identifying data sources and inputs is necessary for workflow configuration | Speaker 1 | Chunk 1

ACTIONS (cumulative this batch):
  A-1.1: Define data sources and parameters for the recon workflow | Unassigned | Unstated | Chunk 1

OPEN QUESTIONS:
  Q-2.1: "if suppose uh ma'am you know that past data we removed the already uploaded data and then we upload" — Speaker 1 — OPEN
  Q-1.1: "So which means let's take this since it's... So because of what I'm trying to find out is what is the starting source, starting point of the whole recon process?" — Speaker 1 — OPEN

ENTITIES:
  Omkar | Discussions with Omkar about loading files and defining data sources | first seen chunk 1
  Lavine | Mentioned that each data source should be tagged for its usage | first seen chunk 1
  Apache Drills | used for creating rule files | first seen chunk 2
  Rahul | mentioned in the context of understanding configurations | first seen chunk 2

EMOTIONAL_CONTEXT:
The tone remains exploratory, with a focus on technical aspects of workflow configuration. 

LAST_TOPIC    : Workflow Configuration
LAST_SPEAKER  : Speaker 5
MID_SENTENCE  : YES 
=== END STATE CAPSULE ===
---
▌CHUNK 3 BRIEF

CHUNK IDENTITY
  Chunk       : 3 of 6 | Batch 1
  Speakers    : Speaker 1, Speaker 2, Speaker 4, Speaker 5
  Language(s) : EN
  Tone        : Exploratory
  Thread      : CONTINUES: Workflow Configuration

CHUNK SUMMARY
The chunk starts with Speaker 4 discussing the workflow created for Axis, mentioning that it can handle 6 to 7 bank accounts with the same statement format. Speaker 4 explains that by changing the input parameters, the same workflow can run for different bank accounts. Speaker 5 highlights the significance of these input parameters. The conversation then shifts to explaining the workflow logs, with Speaker 2 and Speaker 4 detailing the process. Speaker 4 elaborates on the extract process, which involves loading data from a file, applying sanity rules, and filtering out duplicate records. The chunk ends with Speaker 5 asking to review the extract log.

STRUCTURED EXTRACTIONS

  TOPICS
    • Workflow Configuration — ↩ CONTINUED — explaining the workflow process and its components
    • Data Sources and Parameters — ↩ CONTINUED — discussing input parameters and data sources

  DECISIONS
    NONE

  ACTION ITEMS
    NONE

  OPEN QUESTIONS
    NONE

  ENTITIES (first appearance this session)
    • Omkar — mentioned in the context of understanding the script's history

  FLAGS
    🚩 RISK    : NONE
    ⚠️ TENSION : NONE
    💡 IDEA    : NONE
    🔁 REPEAT  : NONE

CONTINUITY NOTE
The active topic remains Workflow Configuration, with a focus on the technical aspects of the process. The last speaker was Speaker 5, and the conversation is still exploratory. The open thread is the explanation of the workflow logs.

▌STATE CAPSULE — END OF CHUNK 3

=== ARIA STATE CAPSULE — CHUNK 3 | BATCH 1 ===
LAST_CHUNK     : 3
BATCH          : 1 | Chunks 1–3 processed

SPEAKERS:
  Speaker 1 | [Role] | CONFIRMED 
  Speaker 2 | [Role] | CONFIRMED 
  Speaker 4 | [Role] | CONFIRMED 
  Speaker 5 | [Role] | CONFIRMED 

TOPICS:
  Workflow Configuration → OPEN | last chunk 3
  Data Sources and Parameters → OPEN | last chunk 3

DECISIONS (cumulative this batch):
  D-1.1: Identifying data sources and inputs is necessary for workflow configuration | Speaker 1 | Chunk 1

ACTIONS (cumulative this batch):
  A-1.1: Define data sources and parameters for the recon workflow | Unassigned | Unstated | Chunk 1

OPEN QUESTIONS:
  Q-2.1: "if suppose uh ma'am you know that past data we removed the already uploaded data and then we upload" — Speaker 1 — OPEN
  Q-1.1: "So which means let's take this since it's... So because of what I'm trying to find out is what is the starting source, starting point of the whole recon process?" — Speaker 1 — OPEN

ENTITIES:
  Omkar | Discussions with Omkar about loading files and defining data sources | first seen chunk 1
  Lavine | Mentioned that each data source should be tagged for its usage | first seen chunk 1
  Apache Drills | used for creating rule files | first seen chunk 2
  Rahul | mentioned in the context of understanding configurations | first seen chunk 2

EMOTIONAL_CONTEXT:
The tone remains exploratory, with a focus on technical aspects of workflow configuration.

LAST_TOPIC    : Workflow Configuration
LAST_SPEAKER  : Speaker 5
MID_SENTENCE  : YES
---
▌CHUNK 4 BRIEF

CHUNK IDENTITY
  Chunk       : 4 of 6 | Batch 1
  Speakers    : [Speaker 1, Speaker 2, Speaker 3]
  Language(s) : [EN, HI]
  Tone        : Exploratory
  Thread      : CONTINUES: Workflow Configuration

CHUNK SUMMARY
Speaker 1 explains the process of loading files, applying filter rules, and defining data sources. They describe configurations for extracting data, including applying row filters to clean data and defining pseudonyms for data objects. The conversation continues with Speaker 1 detailing the transformation process, where data is transformed into a standard format. Speaker 3 notes that transformation always works, and Speaker 1 elaborates on the transformation mapping. The discussion concludes with Speaker 1 explaining how transient properties are used to manage data retention.

STRUCTURED EXTRACTIONS

  TOPICS
    • Workflow Configuration — ↩ CONTINUED — Configuring extract and transformation processes
    • Data Transformation — ★ NEW — Transforming data into a standard format

  DECISIONS
    D-4.1: NONE

  ACTION ITEMS
    A-4.1: NONE

  OPEN QUESTIONS
    Q-4.1: NONE

  ENTITIES
    • Omkar — Discussions with Omkar about loading files and defining data sources (first seen in chunk 1)

  FLAGS
    🚩 RISK    : NONE
    ⚠️ TENSION : NONE
    💡 IDEA    : NONE
    🔁 REPEAT  : NONE

CONTINUITY NOTE
The active topic remains Workflow Configuration, specifically focusing on the transformation process. The last speaker was Speaker 1, and the thread is mid-thought, continuing from the previous chunk.

▌STATE CAPSULE — END OF CHUNK 4

=== ARIA STATE CAPSULE — CHUNK 4 | BATCH 1 ===
LAST_CHUNK     : 4
BATCH          : 1 | Chunks 1–4 processed

SPEAKERS:
  Speaker 1 | Presenter | CONFIRMED
  Speaker 2 | Participant | CONFIRMED
  Speaker 3 | Participant | CONFIRMED

TOPICS:
  Workflow Configuration → OPEN | last chunk 4

DECISIONS (cumulative this batch):
  NONE

ACTIONS (cumulative this batch):
  NONE

OPEN QUESTIONS:
  Q-1.1: "So which means let's take this since it's... So because of what I'm trying to find out is what is the starting source, starting point of the whole recon process?" — Speaker 1 — OPEN

ENTITIES:
  Omkar | Discussions with Omkar about loading files and defining data sources | first seen chunk 1

EMOTIONAL_CONTEXT:
  The tone remains exploratory, with a focus on technical aspects of workflow configuration.

LAST_TOPIC    : Workflow Configuration
LAST_SPEAKER  : Speaker 1
MID_SENTENCE  : YES
---
▌CHUNK 5 BRIEF

CHUNK IDENTITY
  Chunk       : 5 of 6 | Batch 1
  Speakers    : [Speaker 1, Speaker 2, Speaker 3, Speaker 5, Speaker 6]
  Language(s) : [EN]
  Tone        : Exploratory
  Thread      : CONTINUES: Workflow Configuration

CHUNK SUMMARY
The discussion started with Speaker 1 explaining the current condition of the workflow configuration, specifically about exporting connectors and data to various file formats. Speaker 2 sought clarification on integrating these configurations into the dashboard. Speaker 1 emphasized that the current explanation was only part of the configuration and that more scenarios could be discovered and added. The conversation progressed to discuss the UI, with Speaker 2 working on the client-side flow and planning to show a work-in-progress demo. The meeting concluded with plans for a similar discussion the following week to ensure that the client-side design aligns with backend requirements.

STRUCTURED EXTRACTIONS

  TOPICS
    • Workflow Configuration — ↩ CONTINUED — Discussing the configuration and its integration into the dashboard.
    • UI Design — ★ NEW — Planning and discussion around the UI design for client-side flow.

  DECISIONS
    NONE

  ACTION ITEMS
    A-5.1: Work on the UI to account for logs seen | Owner: Speaker 2 | Deadline: Today/Weekend | Priority: H
    A-5.2: Show a work-in-progress demo of the client-side flow | Owner: Speaker 2 | Deadline: Tomorrow | Priority: H

  OPEN QUESTIONS
    NONE

  ENTITIES
    • Omkar — Discussions with Omkar about loading files and defining data sources.

  FLAGS
    🚩 RISK    : NONE
    ⚠️ TENSION : NONE
    💡 IDEA    : Save-as feature for configurations.
    🔁 REPEAT  : NONE

CONTINUITY NOTE
The active topic is Workflow Configuration and UI Design. The last speaker was Speaker 2. An open thread is the discussion on integrating configurations into the dashboard and the upcoming demo of the client-side flow.

▌STATE CAPSULE — END OF CHUNK 5

=== ARIA STATE CAPSULE — CHUNK 5 | BATCH 1 ===
LAST_CHUNK     : 5
BATCH          : 1 | Chunks 1–5 processed

SPEAKERS:
  Speaker 1 | Presenter | CONFIRMED
  Speaker 2 | Participant | CONFIRMED
  Speaker 3 | Participant | CONFIRMED
  Speaker 5 | Participant | CONFIRMED
  Speaker 6 | Participant | CONFIRMED

TOPICS:
  Workflow Configuration → OPEN | last chunk 5
  UI Design → OPEN | last chunk 5

DECISIONS (cumulative this batch):
  NONE

ACTIONS (cumulative this batch):
  A-5.1: Work on the UI to account for logs seen | Speaker 2 | Today/Weekend
  A-5.2: Show a work-in-progress demo of the client-side flow | Speaker 2 | Tomorrow

OPEN QUESTIONS:
  Q-1.1: "So which means let's take this since it's... So because of what I'm trying to find out is what is the starting source, starting point of the whole recon process?" — Speaker 1 — OPEN

ENTITIES:
  Omkar | Discussions with Omkar about loading files and defining data sources | first seen chunk 1

EMOTIONAL_CONTEXT:
  The tone remains exploratory, with a focus on technical aspects of workflow configuration and UI design.

LAST_TOPIC    : UI Design
LAST_SPEAKER  : Speaker 2
MID_SENTENCE  : YES
---
[CHUNK 6 — empty transcript]
</rollup_briefs>

FINAL ROLLUP STATE CAPSULE:
chunk 5
  UI Design → OPEN | last chunk 5

DECISIONS (cumulative this batch):
  NONE

ACTIONS (cumulative this batch):
  A-5.1: Work on the UI to account for logs seen | Speaker 2 | Today/Weekend
  A-5.2: Show a work-in-progress demo of the client-side flow | Speaker 2 | Tomorrow

OPEN QUESTIONS:
  Q-1.1: "So which means let's take this since it's... So because of what I'm trying to find out is what is the starting source, starting point of the whole recon process?" — Speaker 1 — OPEN

ENTITIES:
  Omkar | Discussions with Omkar about loading files and defining data sources | first seen chunk 1

EMOTIONAL_CONTEXT:
  The tone remains exploratory, with a focus on technical aspects of workflow configuration and UI design.

LAST_TOPIC    : UI Design
LAST_SPEAKER  : Speaker 2
MID_SENTENCE  : YES

Produce the complete ARIA Intelligence Brief. Do not truncate any section.
Do not reference chunks or batches in the output — write as if you
attended the full session from start to finish.

━━━━━━━━━━━━━━━━━━━━━━━━━━━━━━━━━━━━━━━━
ARIA INTELLIGENCE BRIEF
━━━━━━━━━━━━━━━━━━━━━━━━━━━━━━━━━━━━━━━━

SECTION 0 — SESSION IDENTITY CARD
  Meeting Title  : [infer from content or write UNTITLED]
  Date / Time    : [if mentioned, else UNSPECIFIED]
  Duration       : [approximate, based on content volume]
  Participants   : [all confirmed speakers with roles]
  Format         : [standup / planning / review / lecture / interview / other]
  Language(s)    : [all languages detected]
  Recorded by    : ARIA v1.0 — Automated Intelligence Analysis

SECTION 1 — EXECUTIVE SUMMARY
  [8–12 sentences of dense, senior-analyst prose. No bullets.
  Open with the purpose and stakes of the meeting.
  Cover the major arc, key decisions, critical action items.
  Close with what this meeting means going forward.
  A reader who only reads this section must leave fully informed.]

SECTION 2 — KEYWORD CLOUD & TOPIC MAP
  TOP KEYWORDS (by frequency and significance):
    [comma-separated list of 15–25 keywords from the session]

  TOPIC MAP (sequence of major topics):
    [Topic A] → [Topic B] → [Topic C] → [Topic D] → ...
    [Show the flow of the meeting as a topic chain]

SECTION 3 — KEY TOPICS: DEEP EXPLANATIONS
  [One card per major topic. Minimum 3 topics, no artificial maximum.]

  ┌─────────────────────────────────────────────────────┐
  │ TOPIC: [Name]                                       │
  │ Status: [RESOLVED / ONGOING / DEFERRED / FLAGGED]   │
  │ Discussed by: [Speaker names]                       │
  ├─────────────────────────────────────────────────────┤
  │ [4–6 sentences explaining what was actually said,   │
  │  what position each speaker took, what was agreed   │
  │  or left open. Grounded entirely in what was said.] │
  └─────────────────────────────────────────────────────┘

SECTION 4 — KEY LEARNINGS & INSIGHTS
  [Numbered list of 5–10 substantive insights from this session.
  Each item: 2–3 sentences. Not generic — specific to this meeting.]
  1. [Insight] — [elaboration]
  2. [Insight] — [elaboration]
  ...

SECTION 5 — DECISIONS MADE
  [Every decision from the session, deduplicated and final.]
  D-N: [Decision stated clearly]
       Decided by  : [Name(s)]
       Confidence  : [FIRM / TENTATIVE / IMPLIED]
       Impact      : [1 sentence on what this changes]

SECTION 6 — ACTION ITEMS & TASK REGISTER
  [Every task from the session. Owner-sorted if multiple owners.]
  A-N: [Verb-first task description]
       Owner       : [Name / UNASSIGNED]
       Deadline    : [Date / "by next meeting" / UNSTATED]
       Priority    : [HIGH / MEDIUM / LOW]
       Context     : [1 sentence — why this task exists]

SECTION 7 — MINUTES OF MEETING (MOM)
  [Chronological narrative of the full meeting. Prose only.
  No bullets. Write in past tense. Cover every topic in sequence.
  Use speaker names. 10–20 sentences depending on meeting length.
  This is the official record of what happened.]

SECTION 8 — FLAGS, RISKS & UNRESOLVED THREADS
  🚩 RISKS & BLOCKERS
     [Each risk: what it is, who raised it, current status]

  ⚠️ TENSIONS & DISAGREEMENTS
     [Each tension: what it was about, who was involved, resolved or not]

  ❓ UNRESOLVED QUESTIONS
     [Each open question: verbatim or close paraphrase, owner, status]

  🔁 RECURRING THEMES
     [Topics that came up more than once — signals unresolved root cause]

SECTION 9 — SENTIMENT & ENGAGEMENT ANALYSIS
  Overall Tone    : [Collaborative / Tense / Exploratory / Mixed]
  Energy Arc      : [How the meeting felt at start → middle → end]
  Most Engaged    : [Speaker who drove the most content]
  Notable Moments : [Any clear shift in tone, energy, or direction]
  ARIA Assessment : [2–3 sentences — ARIA's read on the meeting's health]

SECTION 10 — GLOSSARY OF TERMS, JARGON & ACRONYMS
  [Every technical term, acronym, or jargon used — with definition.]
  [TERM] : [plain-English definition based on context]
  (write NONE if no jargon detected)

SECTION 11 — ARIA'S ANALYST NOTE
  [3–5 sentences in ARIA's voice. What matters most from this session?
  What should the reader pay attention to that might not be obvious?
  What is ARIA's honest read on the state of things after this meeting?
  This is ARIA speaking directly — precise, candid, no hedging.]

━━━━━━━━━━━━━━━━━━━━━━━━━━━━━━━━━━━━━━━━
End of ARIA Intelligence Brief
━━━━━━━━━━━━━━━━━━━━━━━━━━━━━━━━━━━━━━━━
--------------------------------------------------------------------------------
OUTPUT:
## ARIA INTELLIGENCE BRIEF

### SECTION 0 — SESSION IDENTITY CARD
  Meeting Title  : UNTITLED
  Date / Time    : UNSPECIFIED
  Duration       : Approximately 5-6 chunks (meeting length not explicitly stated)
  Participants   : Speaker 1 (Presenter), Speaker 2 (Participant), Speaker 3 (Participant), Speaker 4 (Participant), Speaker 5 (Participant), Speaker 6 (Participant)
  Format         : Planning / Review
  Language(s)    : English (with some Hindi)
  Recorded by    : ARIA v1.0 — Automated Intelligence Analysis

### SECTION 1 — EXECUTIVE SUMMARY
The meeting focused on defining data sources and parameters for a workflow, specifically for a reconciliation (recon) process. The discussion involved configuring workflow triggers, data loading, and transformations. Key decisions included identifying necessary inputs and data sources for the workflow configuration. The action items revolve around defining data sources and parameters, working on the UI, and demonstrating a work-in-progress demo of the client-side flow. The meeting concluded with plans for a similar discussion the following week to ensure the client-side design aligns with backend requirements. Overall, the meeting was exploratory, focusing on technical aspects of workflow configuration and UI design.

### SECTION 2 — KEYWORD CLOUD & TOPIC MAP
  TOP KEYWORDS: data sources, workflow configuration, parameters, data transformation, UI design, recon process, Apache Drills, data loading, workflow triggers

  TOPIC MAP:
    Data Sources and Parameters → Workflow Configuration → Data Transformation → UI Design

### SECTION 3 — KEY TOPICS: DEEP EXPLANATIONS

  ┌─────────────────────────────────────────────────────┐
  │ TOPIC: Data Sources and Parameters                   │
  │ Status: ONGOING                                       │
  │ Discussed by: Speaker 1, Speaker 2, Speaker 4, Speaker 5 │
  ├─────────────────────────────────────────────────────┤
  │ The discussion began with defining data sources and their │
  │ parameters for the recon workflow. Speaker 2 expressed    │
  │ discomfort with upfront defining data sources, citing an │
  │ organic and iterative process. The conversation clarified │
  │ that data sources refer to environments like databases or  │
  │ files, while input fields are parameters for executing a   │
  │ function.                                              │
  └─────────────────────────────────────────────────────┘

  ┌─────────────────────────────────────────────────────┐
  │ TOPIC: Workflow Configuration                         │
  │ Status: ONGOING                                       │
  │ Discussed by: Speaker 1, Speaker 2, Speaker 4, Speaker 5 │
  ├─────────────────────────────────────────────────────┤
  │ The discussion involved configuring workflow triggers and  │
  │ data loading processes. Speakers explained the extract,    │
  │ transform, export, recon, and reporting processes. The   │
  │ conversation also touched on the use of Apache Drills and │
  │ DLL files for rule definitions.                          │
  └─────────────────────────────────────────────────────┘

  ┌─────────────────────────────────────────────────────┐
  │ TOPIC: Data Transformation                            │
  │ Status: RESOLVED                                      │
  │ Discussed by: Speaker 1, Speaker 3                   │
  ├─────────────────────────────────────────────────────┤
  │ Speaker 1 explained the transformation process, where    │
  │ data is transformed into a standard format. Speaker 3    │
  │ noted that transformation always works.                │
  └─────────────────────────────────────────────────────┘

  ┌─────────────────────────────────────────────────────┐
  │ TOPIC: UI Design                                      │
  │ Status: ONGOING                                       │
  │ Discussed by: Speaker 1, Speaker 2                  │
  ├─────────────────────────────────────────────────────┤
  │ The discussion involved planning and designing the UI for │
  │ the client-side flow. Speaker 2 is working on the UI and │
  │ plans to show a work-in-progress demo.                 │
  └─────────────────────────────────────────────────────┘

### SECTION 4 — KEY LEARNINGS & INSIGHTS
  1. The recon process requires identifying necessary inputs and data sources.
  2. Data sources refer to environments like databases or files, while input fields are parameters for executing a function.
  3. The workflow configuration involves defining triggers, data loading, and transformations.
  4. Apache Drills and DLL files are used for creating rule files and defining transformations.
  5. The UI design for the client-side flow is crucial for aligning with backend requirements.

### SECTION 5 — DECISIONS MADE
  D-1.1: Identifying data sources and inputs is necessary for workflow configuration — Decided by: Speaker 1 — Confidence: FIRM — Impact: This ensures that the workflow is properly configured and functions as intended.

### SECTION 6 — ACTION ITEMS & TASK REGISTER
  A-1.1: Define data sources and parameters for the recon workflow — Owner: Unassigned — Deadline: Unstated — Priority: High — Context: Necessary for workflow configuration.
  A-5.1: Work on the UI to account for logs seen — Owner: Speaker 2 — Deadline: Today/Weekend — Priority: High — Context: To ensure the UI aligns with the logs and workflow requirements.
  A-5.2: Show a work-in-progress demo of the client-side flow — Owner: Speaker 2 — Deadline: Tomorrow — Priority: High — Context: To ensure the client-side design aligns with backend requirements.

### SECTION 7 — MINUTES OF MEETING (MOM)
The meeting started with Speaker 1 seeking to define data sources and parameters for a workflow, specifically for a recon process. Speaker 2 expressed discomfort with upfront defining data sources, citing an organic and iterative process. The conversation clarified the distinction between data sources and input fields. The discussion then shifted to workflow configuration, including triggers and data loading. Speakers explained the extract, transform, export, recon, and reporting processes. The conversation also touched on the use of Apache Drills and DLL files for rule definitions. Speaker 1 explained the transformation process, and the discussion concluded with plans for a similar discussion the following week to ensure the client-side design aligns with backend requirements.

### SECTION 8 — FLAGS, RISKS & UNRESOLVED THREADS
  🚩 RISKS & BLOCKERS: NONE
  ⚠️ TENSIONS & DISAGREEMENTS: Disagreement between Speaker 1 and Speaker 2 on upfront defining data sources.
  ❓ UNRESOLVED QUESTIONS: "So which means let's take this since it's... So because of what I'm trying to find out is what is the starting source, starting point of the whole recon process?" — Speaker 1 — OPEN
  🔁 RECURRING THEMES: Data sources and parameters, workflow configuration.

### SECTION 9 — SENTIMENT & ENGAGEMENT ANALYSIS
  Overall Tone: Exploratory
  Energy Arc: Exploratory → Focused → Collaborative
  Most Engaged: Speaker 1
  Notable Moments: The discussion on data sources and parameters, and the plans for the client-side flow demo.
  ARIA Assessment: The meeting was productive, with a focus on technical aspects of workflow configuration and UI design. The tone remained exploratory, with a collaborative energy.

### SECTION 10 — GLOSSARY OF TERMS, JARGON & ACRONYMS
  [TERM] : [plain-English definition based on context]
  Apache Drills : A tool used for creating rule files and defining transformations.
  DLL files : Used for defining transformations and rules.

### SECTION 11 — ARIA'S ANALYST NOTE
The meeting was productive, focusing on technical aspects of workflow configuration and UI design. Key takeaways include the need for defining data sources and parameters, and the importance of aligning the client-side design with backend requirements. The discussion on data transformation and the use of Apache Drills and DLL files were crucial. Overall, the meeting was exploratory, with a collaborative energy.
================================================================================
